{
  "target_column_detected": "Bankrupt?",
  "logistic_regression": {
    "accuracy": 0.9618768328445748,
    "precision": 0.3,
    "recall": 0.13636363636363635,
    "f1": 0.18749999999999997,
    "roc_auc": 0.8745006887052342
  },
  "random_forest": {
    "accuracy": 0.9714076246334311,
    "precision": 0.6923076923076923,
    "recall": 0.20454545454545456,
    "f1": 0.3157894736842105,
    "roc_auc": 0.950559573002755
  },
  "n_samples": 6819,
  "n_features": 95,
  "class_counts": {
    "0": 6599,
    "1": 220
  },
  "created_at": "2025-08-26T20:30:59.037788"
}